{
  "itemid": "minecraft:skull",
  "displayname": "§5Amber Material",
  "nbttag": "{HideFlags:254,SkullOwner:{Id:\"f38e2ada-056c-3df5-ac6c-6f03e2914c7e\",Properties:{textures:[0:{Value:\"eyJ0ZXh0dXJlcyI6eyJTS0lOIjp7InVybCI6Imh0dHA6Ly90ZXh0dXJlcy5taW5lY3JhZnQubmV0L3RleHR1cmUvYWFjZTZiYjNhYTRjY2FjMDMxMTY4MjAyZjZkNDUzMjU5N2JjYWM2MzUxMDU5YWJkOWQxMGIyODYxMDQ5M2FlYiJ9fX0\u003d\"}]}},display:{Lore:[0:\"§8Reforge Stone\",1:\"§7§8Combinable in Reforge Anvil\",2:\"\",3:\"§7Applies the §9Ambered §7reforge\",4:\"§7when combined with a pickaxe§7.\",5:\"\",6:\"§7§8§oPut a bunch of Amber\",7:\"§8§otogether and it\u0027ll make more\",8:\"§8§oAmber - Throin the Forger.\",9:\"\",10:\"§7Requires §aMining Skill Level\",11:\"§aXXX§7!\",12:\"\",13:\"§5§lEPIC REFORGE STONE\"],Name:\"§5Amber Material\"},ExtraAttributes:{id:\"AMBER_MATERIAL\"}}",
  "damage": 3,
  "lore": [
    "§8Reforge Stone",
    "§7§8Combinable in Reforge Anvil",
    "",
    "§7Applies the §9Ambered §7reforge",
    "§7when combined with a pickaxe§7.",
    "",
    "§7§8§oPut a bunch of Amber",
    "§8§otogether and it\u0027ll make more",
    "§8§oAmber - Throin the Forger.",
    "",
    "§7Requires §aMining Skill Level",
    "§aXXX§7!",
    "",
    "§5§lEPIC REFORGE STONE"
  ],
  "internalname": "AMBER_MATERIAL",
  "crafttext": "Requires: HotM 6",
  "clickcommand": "viewrecipe",
  "modver": "2.1.0-REL",
  "infoType": "WIKI_URL",
  "info": [
    "https://hypixel-skyblock.fandom.com/wiki/Amber_Material",
    "https://wiki.hypixel.net/Amber_Material"
  ],
  "recipes": [
    {
      "type": "forge",
      "inputs": [
        "GOLDEN_PLATE:1",
        "FINE_AMBER_GEM:12"
      ],
      "count": 1,
      "overrideOutputId": "AMBER_MATERIAL",
      "duration": 25200
    }
  ]
}