{
  "itemid": "minecraft:leather_chestplate",
  "displayname": "§5Berserker Chestplate",
  "nbttag": "{Unbreakable:1b,HideFlags:254,display:{Lore:[0:\"§7Strength: §c+60\",1:\"§7Crit Damage: §c+60%\",2:\" §8[§7⚔§8]\",3:\"\",4:\"§8Tiered Bonus: Berserk (0/4)\",5:\"§7Reduces your health and defense by\",6:\"§7half and reduces the cost of\",7:\"§7health-consuming abilities by §c20%§7.\",8:\"\",9:\"§7§8This item can be reforged!\",10:\"§7§4❣ §cRequires §aCombat Skill 22§c.\",11:\"§5§lEPIC CHESTPLATE\"],color:16753467,Name:\"§5Berserker Chestplate\"},ExtraAttributes:{id:\"BERSERKER_CHESTPLATE\"}}",
  "damage": 0,
  "lore": [
    "§7Strength: §c+60",
    "§7Crit Damage: §c+60%",
    " §8[§7⚔§8]",
    "",
    "§8Tiered Bonus: Berserk (0/4)",
    "§7Reduces your health and defense by",
    "§7half and reduces the cost of",
    "§7health-consuming abilities by §c20%§7.",
    "",
    "§7§8This item can be reforged!",
    "§7§4❣ §cRequires §aCombat Skill 22§c.",
    "§5§lEPIC CHESTPLATE"
  ],
  "recipe": {
    "A1": "ENCHANTED_RED_SAND_CUBE:1",
    "A2": "",
    "A3": "ENCHANTED_RED_SAND_CUBE:1",
    "B1": "ENCHANTED_RED_SAND_CUBE:1",
    "B2": "BURNING_EYE:50",
    "B3": "ENCHANTED_RED_SAND_CUBE:1",
    "C1": "MAGMA_CHUNK:20",
    "C2": "ENCHANTED_RED_SAND_CUBE:1",
    "C3": "MAGMA_CHUNK:20"
  },
  "internalname": "BERSERKER_CHESTPLATE",
  "crafttext": "",
  "clickcommand": "viewrecipe",
  "modver": "2.1.1-PRE",
  "infoType": "WIKI_URL",
  "info": [
    "https://hypixel-skyblock.fandom.com/wiki/Berserker_Armor",
    "https://wiki.hypixel.net/Berserker_Armor"
  ]
}