{
  "internalname": "BLOCK_ZAPPER",
  "itemid": "minecraft:flint",
  "displayname": "§5Block Zapper",
  "clickcommand": "",
  "damage": 0,
  "nbttag": "{ench:[],HideFlags:254,display:{Lore:[0:\"\",1:\"§6Ability: Grand... Zapper?  §e§lRIGHT CLICK\",2:\"§7Right-Click a block to zap all\",3:\"§7connected blocks of the same type.\",4:\"\",5:\"§5§lEPIC\",6:\"\",7:\"§7Cost\",8:\"§b5,000 Bits\"],Name:\"§5Block Zapper\"},ExtraAttributes:{id:\"BLOCK_ZAPPER\"}}",
  "modver": "2.1.1-PRE",
  "lore": [
    "",
    "§6Ability: Grand... Zapper?  §e§lRIGHT CLICK",
    "§7Right-Click a block to zap all",
    "§7connected blocks of the same type.",
    "",
    "§5§lEPIC",
    "",
    "§7Cost",
    "§b5,000 Bits"
  ],
  "crafttext": "",
  "infoType": "WIKI_URL",
  "info": [
    "https://hypixel-skyblock.fandom.com/wiki/Block_Zapper",
    "https://wiki.hypixel.net/Block_Zapper"
  ]
}