{
    "textures": {
        "particle": "#texture"
    },
    "elements": [
        {   "from": [ 0, 13, 0 ],
            "to": [ 16, 16, 16 ],
            "faces": {
                "up": {"uv": [0, 16, 16, 0], "texture": "#texture"},
				"north": {"uv": [1, 1, 16, 1], "texture": "#texture"},
				"south": {"uv": [1, 1, 16, 1], "texture": "#texture"},
				"west": {"uv": [1, 1, 1, 16], "texture": "#texture"},
				"east": {"uv": [1, 16, 1, 1], "texture": "#texture"},
				"down": {"uv": [0, 16, 16, 0], "rotation": 180, "texture": "#texture"}
            }
        }
    ]
}
