{
  "itemid": "minecraft:diamond",
  "displayname": "§fAll Skills Exp Super-Boost",
  "nbttag": "{ench:[],HideFlags:254,display:{Lore:[0:\"§8Consumed on use\",1:\"\",2:\"§7§7Pet items can boost pets in various\",3:\"§7ways but pets can only hold 1 item at\",4:\"§7a time so choose wisely!\",5:\"\",6:\"§7§7Gives §a+20% §7pet exp for all skills.\",7:\"\",8:\"§7§eRight-click on your summoned pet to\",9:\"§egive it this item!\",10:\"\",11:\"§f§lCOMMON PET ITEM\"],Name:\"§fAll Skills Exp Super-Boost\"},ExtraAttributes:{id:\"ALL_SKILLS_SUPER_BOOST\"}}",
  "damage": 0,
  "lore": [
    "§8Consumed on use",
    "",
    "§7§7Pet items can boost pets in various",
    "§7ways but pets can only hold 1 item at",
    "§7a time so choose wisely!",
    "",
    "§7§7Gives §a+20% §7pet exp for all skills.",
    "",
    "§7§eRight-click on your summoned pet to",
    "§egive it this item!",
    "",
    "§f§lCOMMON PET ITEM"
  ],
  "recipe": {
    "A1": "",
    "A2": "ENCHANTED_GOLD_BLOCK:6",
    "A3": "",
    "B1": "ENCHANTED_GOLD_BLOCK:6",
    "B2": "PET_ITEM_ALL_SKILLS_BOOST_COMMON:1",
    "B3": "ENCHANTED_GOLD_BLOCK:6",
    "C1": "",
    "C2": "ZOG_ANVIL:1",
    "C3": ""
  },
  "internalname": "ALL_SKILLS_SUPER_BOOST",
  "clickcommand": "viewrecipe",
  "modver": "2.1.1-PRE",
  "crafttext": "",
  "infoType": "WIKI_URL",
  "info": [
    "https://hypixel-skyblock.fandom.com/wiki/Pet_Items",
    "https://wiki.hypixel.net/All_Skills_Exp_Super-Boost"
  ]
}