{
  "itemid": "minecraft:leather_chestplate",
  "displayname": "§f§f§5Yog Chestplate",
  "nbttag": "{Unbreakable:1b,HideFlags:254,display:{Lore:[0:\"§7Health: §a+50\",1:\"§7Defense: §a+15\",2:\" §8[§7❂§8] §8[§8⸕§8] §8[§8☘§8]\",3:\"\",4:\"§6Full Set Bonus: Absorb §7(0/4)\",5:\"§7Every §910 Yogs killed§7 gives\",6:\"§7the wearer §a+1 §6⸕ Mining Speed\",7:\"§6§7while wearing the set. Max\",8:\"§7500.\",9:\"\",10:\"§6Full Set Bonus: Heat Resistance §7(0/4)\",11:\"§7Grants §aimmunity §7to the heat\",12:\"§7produced in §cMagma Fields§7.\",13:\"\",14:\"§7Yogs Killed: §a0\",15:\"§7Bonus Mining Speed: §a0\",16:\"\",17:\"§7§8This item can be reforged!\",18:\"§7§4❣ §cRequires §aHard Stone\",19:\"§aCollection 5§c.\",20:\"§5§lEPIC CHESTPLATE\"],color:13120000,Name:\"§f§f§5Yog Chestplate\"},ExtraAttributes:{id:\"ARMOR_OF_YOG_CHESTPLATE\"}}",
  "damage": 0,
  "lore": [
    "§7Health: §a+50",
    "§7Defense: §a+15",
    " §8[§7❂§8] §8[§8⸕§8] §8[§8☘§8]",
    "",
    "§6Full Set Bonus: Absorb §7(0/4)",
    "§7Every §910 Yogs killed§7 gives",
    "§7the wearer §a+1 §6⸕ Mining Speed",
    "§6§7while wearing the set. Max",
    "§7500.",
    "",
    "§6Full Set Bonus: Heat Resistance §7(0/4)",
    "§7Grants §aimmunity §7to the heat",
    "§7produced in §cMagma Fields§7.",
    "",
    "§7Yogs Killed: §a0",
    "§7Bonus Mining Speed: §a0",
    "",
    "§7§8This item can be reforged!",
    "§7§4❣ §cRequires §aHard Stone",
    "§aCollection 5§c.",
    "§5§lEPIC CHESTPLATE"
  ],
  "recipe": {
    "A1": "YOGGIE:5",
    "A2": "YOGGIE:5",
    "A3": "YOGGIE:5",
    "B1": "YOGGIE:5",
    "B2": "FLAME_BREAKER_CHESTPLATE:1",
    "B3": "YOGGIE:5",
    "C1": "YOGGIE:5",
    "C2": "YOGGIE:5",
    "C3": "YOGGIE:5"
  },
  "internalname": "ARMOR_OF_YOG_CHESTPLATE",
  "crafttext": "Requires: Hard Stone Collection V",
  "clickcommand": "viewrecipe",
  "modver": "2.1.1-PRE",
  "infoType": "WIKI_URL",
  "info": [
    "https://hypixel-skyblock.fandom.com/wiki/Armor_of_Yog",
    "https://wiki.hypixel.net/Yog_Chestplate"
  ]
}