{
	"formatVersion": 3,
	"blockRenderSettings": {
		"anim-speed": "2000",
		"reverse-animation-direction": false,
		"colour-period": "2",
		"smooth-mix": true,
		"anim-with-distance": true,
		"anim-along-lines": false,
		"line-width": "1",
		"colours": [
			[
				"#3df9e1",
				1
			],
			[
				"#3de1f9",
				1
			]
		]
	},
	"hitboxRenderSettings": {
		"anim-speed": 400,
		"reverse-animation-direction": false,
		"colour-period": 0.5,
		"smooth-mix": false,
		"anim-with-distance": false,
		"anim-along-lines": true,
		"line-width": 2,
		"apply-to-all-hitbox-lines": false,
		"colours": [
			[
				"#ff7410",
				1
			],
			[
				"#fee114",
				1
			],
			[
				"#ffffff",
				1
			]
		]
	},
	"customName": "Custom Outlines"
}