{
  "itemid": "minecraft:skull",
  "displayname": "§9Sumsung© GG Abicase",
  "nbttag": "{HideFlags:254,SkullOwner:{Id:\"40de7976-e710-4ef1-bb2f-5e34c7b889b9\",hypixelPopulated:1b,Properties:{textures:[0:{Value:\"eyJ0ZXh0dXJlcyI6eyJTS0lOIjp7InVybCI6Imh0dHA6Ly90ZXh0dXJlcy5taW5lY3JhZnQubmV0L3RleHR1cmUvMzZhMTBlZTIxNTVmYzAxMzRkOTM5MjAwMGE5ZWI5ZWJjYmE4NTI2ZWZmMzg5M2U1NDQzNGU4MjVlNTU4ZmI1NSJ9fX0\u003d\"}]},Name:\"§40de7976-e710-4ef1-bb2f-5e34c7b889b9\"},display:{Lore:[0:\"§7§7Adds §a+2 §7contact slots.\",1:\"\",2:\"§7§7Grants §6+1 Magical Power\",3:\"§6§7per §a2 §7contacts in your\",4:\"§7Abiphone.\",5:\"\",6:\"§7§8Only ONE case will have an\",7:\"§8effect while in accessory bag.\",8:\"\",9:\"§9§lRARE ACCESSORY\",10:\"\",11:\"§7Cost\",12:\"§b25,000 Bits\"],Name:\"§9Sumsung© GG Abicase\"},ExtraAttributes:{model:\"SUMSUNG_2\",id:\"ABICASE_SUMSUNG_2\"}}",
  "damage": 3,
  "lore": [
    "§7§7Adds §a+2 §7contact slots.",
    "",
    "§7§7Grants §6+1 Magical Power",
    "§6§7per §a2 §7contacts in your",
    "§7Abiphone.",
    "",
    "§7§8Only ONE case will have an",
    "§8effect while in accessory bag.",
    "",
    "§9§lRARE ACCESSORY",
    "",
    "§7Cost",
    "§b25,000 Bits"
  ],
  "internalname": "ABICASE_SUMSUNG_2",
  "crafttext": "",
  "clickcommand": "",
  "modver": "2.1.0-REL",
  "infoType": "WIKI_URL",
  "info": [
    "https://wiki.hypixel.net/Abicase",
    "https://hypixel-skyblock.fandom.com/wiki/Abicases"
  ]
}