{
  "itemid": "minecraft:beacon",
  "displayname": "§f§f§5Beacon V",
  "nbttag": "{ench:[],overrideMeta:1b,HideFlags:254,display:{Lore:[0:\"§7Tier: §bV\",1:\"\",2:\"§7Can be placed on your private island.\",3:\"\",4:\"§7Grants special buffs to the\",5:\"§7island owners when powered by\",6:\"§7§dPower Crystals §7obtained from\",7:\"§7the forge in the §2Dwarven\",8:\"§2Mines§7\",9:\"\",10:\"§4❣ §cRequires §5Heart of the\",11:\"§5Mountain Tier 5§c.\",12:\"§5EPIC\"],Name:\"§f§f§5Beacon V\"},ExtraAttributes:{originTag:\"UNKNOWN\",id:\"BEACON_5\"},AttributeModifiers:[]}",
  "damage": 0,
  "lore": [
    "§7Tier: §bV",
    "",
    "§7Can be placed on your private island.",
    "",
    "§7Grants special buffs to the",
    "§7island owners when powered by",
    "§7§dPower Crystals §7obtained from",
    "§7the forge in the §2Dwarven",
    "§2Mines§7",
    "",
    "§4❣ §cRequires §5Heart of the",
    "§5Mountain Tier 5§c.",
    "§5EPIC"
  ],
  "internalname": "BEACON_5",
  "crafttext": "",
  "clickcommand": "viewrecipe",
  "modver": "2.1.1-PRE",
  "infoType": "WIKI_URL",
  "info": [
    "https://hypixel-skyblock.fandom.com/wiki/Beacon",
    "https://wiki.hypixel.net/Beacon"
  ],
  "recipes": [
    {
      "type": "forge",
      "inputs": [
        "BEACON_4:1",
        "REFINED_MITHRIL:40",
        "PLASMA:5"
      ],
      "count": 1,
      "overrideOutputId": "BEACON_5",
      "duration": 180000
    }
  ]
}