{
  "itemid": "minecraft:beacon",
  "displayname": "§5Beacon IV",
  "nbttag": "{ench:[],overrideMeta:1b,HideFlags:254,display:{Lore:[0:\"§7Tier: §bIV\",1:\"\",2:\"§7Can be placed on your private island.\",3:\"\",4:\"§7Grants special buffs to the\",5:\"§7island owners when powered by\",6:\"§7§dPower Crystals §7obtained from\",7:\"§7the forge in the §2Dwarven\",8:\"§2Mines§7\",9:\"\",10:\"§4❣ §cRequires §5Heart of the\",11:\"§5Mountain Tier 4§c.\",12:\"§5§lEPIC\"],Name:\"§5Beacon IV\"},ExtraAttributes:{id:\"BEACON_4\"},AttributeModifiers:[]}",
  "damage": 0,
  "lore": [
    "§7Tier: §bIV",
    "",
    "§7Can be placed on your private island.",
    "",
    "§7Grants special buffs to the",
    "§7island owners when powered by",
    "§7§dPower Crystals §7obtained from",
    "§7the forge in the §2Dwarven",
    "§2Mines§7",
    "",
    "§4❣ §cRequires §5Heart of the",
    "§5Mountain Tier 4§c.",
    "§5§lEPIC"
  ],
  "internalname": "BEACON_4",
  "crafttext": "",
  "clickcommand": "viewrecipe",
  "modver": "2.1.1-PRE",
  "infoType": "WIKI_URL",
  "info": [
    "https://hypixel-skyblock.fandom.com/wiki/Beacon",
    "https://wiki.hypixel.net/Beacon"
  ],
  "recipes": [
    {
      "type": "forge",
      "inputs": [
        "REFINED_MITHRIL:20",
        "BEACON_3:1",
        "PLASMA:1"
      ],
      "count": 1,
      "overrideOutputId": "BEACON_4",
      "duration": 144000
    }
  ]
}